City_ID,City,Lat,Lng,Max Temp,Humidity,Cloudiness,Wind Speed,Country,Date
0,albany,42.6001,-73.9662,17.35,82,78,0.86,US,1687228909
1,port-aux-francais,-49.35,70.2167,3.16,67,59,12.92,TF,1687228909
2,ribeira grande,38.5167,-28.7,18.76,91,91,1.79,PT,1687228909
3,inirida,3.8653,-67.9239,22.4,96,64,0.53,CO,1687228910
4,north side,19.35,-81.2,29.04,84,20,3.6,KY,1687228910
5,port alfred,-33.5906,26.891,9.54,69,80,2.24,ZA,1687228910
6,yellowknife,62.456,-114.3525,14.29,47,20,5.14,CA,1687228910
7,saipan,15.1355,145.701,32.39,100,40,5.66,MP,1687228910
8,udachny,66.4167,112.4,14.14,35,100,4.5,RU,1687228910
9,puerto natales,-51.7236,-72.4875,-1.0,91,100,1.3,CL,1687228911
10,puerto ayora,-0.7393,-90.3518,25.31,93,1,1.79,EC,1687228911
11,constantia,44.1833,28.65,16.5,84,50,4.16,RO,1687228911
12,minas de marcona,-15.2119,-75.1103,13.01,87,64,5.04,PE,1687228911
13,avarua,-21.2078,-159.775,26.03,83,75,5.14,CK,1687228911
14,blagoveshchenka,52.8333,79.8667,16.71,56,5,8.99,RU,1687228911
15,bilibino,68.0546,166.4372,18.86,26,18,8.38,RU,1687228911
16,talnakh,69.4865,88.3972,2.08,100,100,2.28,RU,1687228912
17,mejit,10.2753,170.8646,27.87,78,92,7.18,MH,1687228912
18,papatowai,-46.5619,169.4708,12.05,90,98,4.6,NZ,1687228912
19,edinburgh of the seven seas,-37.0676,-12.3116,15.69,96,100,10.33,SH,1687228912
20,somerset east,-32.7217,25.588,5.57,71,36,9.38,ZA,1687228912
21,susuman,62.7833,148.1667,24.05,21,5,1.59,RU,1687228912
22,zonguldak,41.25,31.8333,14.3,98,100,2.14,TR,1687228912
23,pamandzi,-12.7967,45.2794,24.88,83,5,3.6,YT,1687228913
24,turpan,42.9333,89.1667,39.43,10,85,1.28,CN,1687228913
25,naze,28.3667,129.4833,24.51,88,89,2.35,JP,1687228913
26,fort bragg,35.139,-79.006,22.68,92,75,1.54,US,1687228913
27,berbera,10.4396,45.0143,32.77,44,6,5.69,SO,1687228913
28,mirnyy,62.5353,113.9611,15.13,38,100,5.81,RU,1687228913
29,vadso,70.0744,29.7487,7.49,81,75,5.66,NO,1687228913
30,bam,29.106,58.357,36.47,18,20,3.0,IR,1687228914
31,lompoc,34.6391,-120.4579,17.66,75,0,10.29,US,1687228914
32,northam,51.0333,-4.2167,15.34,95,100,1.41,GB,1687228914
33,znamenskoye,57.1281,73.8282,5.06,95,100,7.92,RU,1687228914
34,puerto baquerizo moreno,-0.9,-89.6,24.83,86,2,4.31,EC,1687228915
35,quatre cocos,-20.2078,57.7625,22.06,70,98,7.04,MU,1687228915
36,mukalla,14.5425,49.1242,30.44,69,27,0.84,YE,1687228915
37,port elizabeth,-33.918,25.5701,12.28,72,75,14.4,ZA,1687228672
38,bredasdorp,-34.5322,20.0403,8.22,79,74,4.53,ZA,1687228916
39,blackmans bay,-43.0167,147.3167,10.29,62,56,4.39,AU,1687228916
40,filingue,14.3521,3.3168,31.7,42,86,3.74,NE,1687228916
41,ancud,-41.8697,-73.8203,5.61,84,3,3.63,CL,1687228916
42,buala,-8.145,159.5921,28.31,77,93,0.85,SB,1687228916
43,hami,42.8,93.45,36.24,6,20,3.36,CN,1687228917
44,port sudan,19.6175,37.2164,29.5,71,60,3.3,SD,1687228917
45,beitbridge,-22.2167,30.0,15.48,31,0,3.11,ZW,1687228918
46,college,64.8569,-147.8028,19.77,48,100,3.09,US,1687228918
47,priozersk,61.0393,30.1291,15.06,59,47,3.48,RU,1687228918
48,ilulissat,69.2167,-51.1,6.01,65,75,1.03,GL,1687228919
49,afaahiti,-17.75,-149.2833,27.81,78,2,4.07,PF,1687228920
50,utrik,11.2278,169.8474,27.97,78,52,6.63,MH,1687228920
51,georgetown,5.4112,100.3354,31.96,74,20,1.54,MY,1687228920
52,wailua homesteads,22.0669,-159.378,27.24,75,40,5.14,US,1687228921
53,lumding railway colony,25.749,93.17,30.13,66,73,1.86,IN,1687228921
54,cacapava do sul,-30.5122,-53.4914,6.06,92,100,0.94,BR,1687228921
55,moengo,5.6167,-54.4,23.11,99,64,0.26,SR,1687228921
56,grytviken,-54.2811,-36.5092,-3.39,69,26,5.09,GS,1687228922
57,margaret river,-33.95,115.0667,12.69,61,83,6.98,AU,1687228922
58,santa elena de uairen,4.6167,-61.1333,18.83,97,41,0.81,VE,1687228922
59,lionel town,17.8101,-77.2406,29.94,80,100,3.87,JM,1687228922
60,isafjordur,66.0755,-23.124,4.32,93,100,4.3,IS,1687228922
61,cesvaine,56.9667,26.3167,13.48,84,76,1.38,LV,1687228923
62,kidal,18.4411,1.4078,33.75,24,55,3.17,ML,1687228923
63,howard springs,-12.497,131.047,31.01,39,54,3.83,AU,1687228923
64,codrington,-38.2667,141.9667,9.91,67,100,2.81,AU,1687228923
65,longyearbyen,78.2186,15.6401,4.91,93,75,1.03,SJ,1687228923
66,antofagasta,-23.65,-70.4,16.6,65,3,3.47,CL,1687228924
67,corner brook,48.9667,-57.9484,5.09,98,100,1.49,CA,1687228924
68,adamstown,-25.066,-130.1015,23.77,82,65,10.9,PN,1687228924
69,brookings,44.3114,-96.7984,29.19,51,0,6.69,US,1687228924
70,ushuaia,-54.8,-68.3,2.81,70,0,2.06,AR,1687228879
71,kot samaba,28.5522,70.4684,34.65,43,4,7.66,PK,1687228925
72,iqaluit,63.7506,-68.5145,5.85,75,100,1.54,CA,1687228925
73,las tablas,7.7667,-80.2833,27.19,86,100,3.01,PA,1687228926
74,elista,46.3078,44.2558,14.29,54,6,3.13,RU,1687228926
75,yaren,-0.5472,166.916,28.04,72,100,1.45,NR,1687228926
76,ji'an,27.1172,114.9793,30.21,75,100,2.58,CN,1687228926
77,port douglas,-16.4833,145.4667,23.99,66,38,2.91,AU,1687228926
78,qaisumah,28.3112,46.1273,27.98,21,0,0.0,SA,1687228926
79,navalmoral de la mata,39.8916,-5.5406,17.77,81,80,1.61,ES,1687228927
80,stanley,54.868,-1.6985,12.62,93,0,0.0,GB,1687228927
81,qaqortoq,60.7167,-46.0333,1.89,86,34,0.26,GL,1687228927
82,pogranichnyy,44.4064,131.3769,25.58,52,99,3.69,RU,1687228927
83,jose maria morelos,23.3952,-103.8984,24.83,15,64,4.97,MX,1687228928
84,dudinka,69.4058,86.1778,3.74,92,100,3.68,RU,1687228928
85,necochea,-38.5473,-58.7368,10.12,84,100,5.35,AR,1687228928
86,jamestown,42.097,-79.2353,22.8,60,0,3.6,US,1687228655
87,lake havasu city,34.4839,-114.3224,35.0,21,23,10.8,US,1687228928
88,punta arenas,-53.15,-70.9167,2.06,80,0,7.72,CL,1687228873
89,dryden,49.7833,-92.7503,25.16,57,0,3.09,CA,1687228929
90,vila velha,-20.3297,-40.2925,21.08,81,40,4.12,BR,1687228929
91,okha,53.5739,142.9478,11.89,76,23,4.24,RU,1687228929
92,whakatane,-37.9585,176.9854,15.84,85,100,1.79,NZ,1687228929
93,bamboo flat,11.7,92.7167,28.16,81,100,7.1,IN,1687228929
94,gadzhiyevo,69.2551,33.3362,6.36,72,3,1.62,RU,1687228929
95,hawaiian paradise park,19.5933,-154.9731,25.02,86,100,2.06,US,1687228857
96,sovetskaya gavan',48.9723,140.2878,14.59,67,6,3.99,RU,1687228930
97,alofi,-19.0595,-169.9187,24.94,69,75,4.12,NU,1687228930
98,akureyri,65.6835,-18.0878,5.96,93,100,4.12,IS,1687228930
99,betio village,1.358,172.9211,30.02,75,100,2.0,KI,1687228930
100,bethel,41.3712,-73.414,19.38,82,0,2.57,US,1687228734
101,bouarfa,32.53,-1.95,22.85,18,0,0.61,MA,1687228931
102,tiksi,71.6872,128.8694,8.51,80,100,5.42,RU,1687228931
103,general mosconi,-23.1851,-62.303,20.93,57,71,3.02,AR,1687228931
104,lebu,-37.6167,-73.65,11.63,80,100,1.98,CL,1687228931
105,hilo,19.7297,-155.09,27.93,89,100,2.24,US,1687228932
106,sabzevar,36.2126,57.6819,26.58,38,0,4.64,IR,1687228932
107,porto belo,-27.1578,-48.5531,15.09,82,95,2.57,BR,1687228932
108,huaquillas,-3.4833,-80.2333,26.13,83,75,2.06,EC,1687228932
109,sisimiut,66.9395,-53.6735,8.01,47,100,2.75,GL,1687228932
110,hermanus,-34.4187,19.2345,9.89,70,76,7.65,ZA,1687228932
111,maceio,-9.6658,-35.7353,22.69,100,100,3.09,BR,1687228925
112,grand falls-windsor,48.9332,-55.6649,4.17,93,100,4.02,CA,1687228933
113,cole harbour,44.6724,-63.4751,10.95,86,100,6.69,CA,1687228933
114,waitangi,-43.9535,-176.5597,11.57,82,71,3.58,NZ,1687228933
115,pacific grove,36.6177,-121.9166,17.71,77,0,8.94,US,1687228933
116,katsuura,35.1333,140.3,25.01,67,98,4.9,JP,1687228933
117,aral,40.5156,81.2636,31.3,19,10,0.18,CN,1687228934
118,toguchin,55.2353,84.3858,23.67,60,100,6.45,RU,1687228934
119,san patricio,28.017,-97.5169,30.65,83,6,6.33,US,1687228934
120,tralee,52.2704,-9.7026,12.0,96,14,1.89,IE,1687228934
121,ouani,-12.1322,44.4258,24.49,75,6,0.48,KM,1687228934
122,port blair,11.6667,92.75,28.15,81,100,7.17,IN,1687228935
123,port mathurin,-19.6833,63.4167,23.98,65,21,8.74,MU,1687228935
124,mount pearl,47.5166,-52.7813,6.75,97,100,4.63,CA,1687228935
125,port macquarie,-31.4333,152.9167,16.05,37,12,5.94,AU,1687228935
126,reggane,26.7158,0.1714,32.63,10,0,3.3,DZ,1687228935
127,mamuju,-2.6748,118.8885,27.96,78,88,2.54,ID,1687228935
128,bel ombre,-4.6167,55.4167,24.91,88,75,6.17,SC,1687228936
129,fort mcmurray,56.7268,-111.381,12.77,94,100,4.63,CA,1687228675
130,dolores,-36.3132,-57.6792,6.78,89,100,2.67,AR,1687228936
131,tazovsky,67.4667,78.7,2.78,87,100,3.17,RU,1687228936
132,sayat,38.7839,63.8803,26.93,29,0,5.73,TM,1687228936
133,bulalacao,12.3254,121.3435,29.81,69,40,2.18,PH,1687228936
134,kapuskasing,49.4169,-82.4331,24.05,56,0,2.06,CA,1687228937
135,margate,51.3813,1.3862,17.05,83,96,1.34,GB,1687228559
136,lubang,13.8584,120.124,28.78,73,54,1.09,PH,1687228937
137,klyuchi,52.2667,79.1667,17.64,49,0,9.0,RU,1687228937
138,dompu,-8.5356,118.4622,31.29,53,11,1.23,ID,1687228937
139,usinsk,65.9939,57.5281,5.88,69,100,5.93,RU,1687228937
140,pisco,-13.7,-76.2167,20.03,77,100,2.57,PE,1687228937
141,badger,64.8,-147.5333,19.73,43,100,3.09,US,1687228938
142,matthew town,20.95,-73.6667,28.03,80,62,5.66,BS,1687228938
143,inderbor,48.55,51.7833,15.53,41,0,2.91,KZ,1687228938
144,acajutla,13.5928,-89.8275,27.23,82,64,2.34,SV,1687228938
145,mont-dore,-22.2833,166.5833,27.99,99,40,1.66,NC,1687228938
146,queenstown,-31.8976,26.8753,3.78,63,14,7.31,ZA,1687228939
147,kununurra,-15.7667,128.7333,27.99,21,96,3.6,AU,1687228939
148,atafu village,-8.5421,-172.5159,28.23,67,7,4.47,TK,1687228939
149,kayangel,8.0823,134.7173,28.86,74,23,4.19,PW,1687228939
150,tabas,33.5959,56.9244,35.03,14,1,0.5,IR,1687228939
151,invercargill,-46.4,168.35,12.04,80,82,1.07,NZ,1687228939
152,nar'yan-mar,67.6713,53.087,6.58,63,18,5.66,RU,1687228940
153,ust-nera,64.5667,143.2,25.54,24,100,2.72,RU,1687228941
154,arraial do cabo,-22.9661,-42.0278,20.88,60,100,2.16,BR,1687228941
155,lazaro cardenas,17.9583,-102.2,28.42,78,0,2.51,MX,1687228942
156,leninskoye,41.7589,69.3864,27.79,34,1,0.45,KZ,1687228943
157,wynyard,-41.0,145.7167,12.21,55,9,4.24,AU,1687228943
158,west island,-12.1568,96.8225,26.99,83,100,5.66,CC,1687228943
159,viqueque,-8.8673,126.3658,26.82,75,95,2.65,TL,1687228943
160,al marj,32.488,20.8317,16.88,90,0,1.89,LY,1687228943
161,as sulayyil,20.4607,45.5779,26.14,12,88,2.63,SA,1687228944
162,bay harbor,30.1471,-85.6146,26.97,94,0,3.6,US,1687228944
163,shingu,33.7333,135.9833,23.41,87,100,2.64,JP,1687228944
164,kangding,30.0513,101.9603,17.55,50,96,3.01,CN,1687228944
165,marovoay,-16.1,46.6333,16.38,76,5,2.22,MG,1687228944
166,manta,-0.95,-80.7333,26.67,89,75,8.05,EC,1687228944
167,lospalos,-8.5186,127.0025,25.75,70,99,5.11,TL,1687228945
168,walvis bay,-22.9575,14.5053,7.53,70,0,4.63,NA,1687228945
169,thompson,55.7435,-97.8558,19.09,94,75,1.54,CA,1687228945
170,shimoda,34.6667,138.95,23.95,70,93,4.81,JP,1687228945
171,edmundston,47.3737,-68.3251,12.64,94,100,1.54,CA,1687228945
172,lerwick,60.1545,-1.1494,13.0,94,17,5.53,GB,1687228945
173,hamilton,39.1834,-84.5333,21.43,91,40,3.09,US,1687228460
174,kavaratti,10.5669,72.642,28.7,76,100,5.77,IN,1687228946
175,haiku-pauwela,20.9219,-156.3051,28.01,59,20,8.75,US,1687228946
176,zaozersk,69.4005,32.4476,6.64,75,14,2.36,RU,1687228946
177,tofol,5.3248,163.0078,28.88,84,75,1.54,FM,1687228946
178,east ballina,-28.8667,153.5833,18.22,40,52,4.69,AU,1687228946
179,williamston,35.8546,-77.0555,24.94,84,100,2.66,US,1687228947
180,zhaotong,27.3167,103.7167,20.16,67,99,1.23,CN,1687228947
181,santa terezinha,-29.9002,-50.0904,14.25,82,100,5.12,BR,1687228947
182,island harbour,50.724,-1.2758,17.08,90,100,0.89,GB,1687228947
183,angra do heroismo,38.65,-27.2167,19.34,88,100,2.12,PT,1687228947
184,keflavik,64.0049,-22.5624,9.95,93,75,5.66,IS,1687228947
185,moyynkum,44.2914,72.9469,27.33,41,38,5.32,KZ,1687228948
186,dwarka,22.2394,68.9678,29.7,71,100,7.12,IN,1687228948
187,kattivakkam,13.2167,80.3167,27.05,94,100,5.82,IN,1687228948
188,happy valley-goose bay,53.3168,-60.3315,11.17,50,20,4.12,CA,1687228948
189,majene,-3.5403,118.9707,28.2,74,81,2.78,ID,1687228948
190,sitka,57.0531,-135.33,17.94,63,0,3.09,US,1687228949
191,rudnya,54.947,31.0934,14.05,79,38,2.17,RU,1687228949
192,fale old settlement,-9.3852,-171.2468,28.14,68,17,3.95,TK,1687228949
193,saudarkrokur,65.7461,-19.6394,4.84,98,100,5.3,IS,1687228949
194,shinkafi,13.0753,6.5105,28.1,49,89,4.09,NG,1687228949
195,urumqi,43.801,87.6005,30.53,18,0,2.0,CN,1687228949
196,dunedin,-45.8742,170.5036,12.11,85,96,2.68,NZ,1687228680
197,acapulco de juarez,16.8634,-99.8901,29.9,74,40,1.03,MX,1687228950
198,urangan,-25.3,152.9,20.39,34,1,3.92,AU,1687228950
199,kodiak,57.79,-152.4072,17.73,59,0,2.57,US,1687228950
200,vorgashor,67.5833,63.95,4.02,75,100,5.1,RU,1687228950
201,kingston,17.997,-76.7936,29.53,79,20,6.69,JM,1687228695
202,al mindak,20.1588,41.2834,22.78,30,96,1.58,SA,1687228950
203,masterton,-40.9597,175.6575,14.38,78,50,1.56,NZ,1687228951
204,okhotsk,59.3833,143.3,11.73,79,88,4.31,RU,1687228951
205,dong ha,16.8163,107.1003,35.35,45,30,4.6,VN,1687228951
206,muisne,0.6,-80.0333,26.05,85,92,2.59,EC,1687228951
207,bertoua,4.5833,13.6833,19.37,100,100,1.28,CM,1687228951
208,petropavlovsk-kamchatsky,53.0452,158.6483,9.33,87,75,4.0,RU,1687228951
209,nyurba,63.2842,118.3319,8.05,84,100,5.68,RU,1687228952
210,tarawa,1.419,172.984,30.05,74,75,2.06,KI,1687228952
211,hoemul-li,41.4339,129.67,20.48,73,100,1.25,KP,1687228952
212,anadyr,64.75,177.4833,22.28,37,20,3.0,RU,1687228952
213,daru,-9.0763,143.2092,27.32,70,60,5.36,PG,1687228952
214,hadibu,12.65,54.0333,27.07,80,62,8.43,YE,1687228953
215,nanning,22.8167,108.3167,31.25,65,95,2.97,CN,1687228953
216,wangqing,43.3218,129.7634,23.88,60,100,2.56,CN,1687228953
217,louis trichardt,-23.0439,29.9032,13.36,27,0,1.12,ZA,1687228953
218,sumbawa besar,-8.5,117.4333,30.66,49,17,3.05,ID,1687228953
219,inhambane,-23.865,35.3833,17.78,87,0,4.82,MZ,1687228953
220,cabo san lucas,22.8909,-109.9124,33.61,36,75,5.66,MX,1687228954
221,sarangani,5.4033,125.4636,25.92,88,100,5.82,PH,1687228954
222,sassandra,4.95,-6.0833,24.02,94,93,3.17,CI,1687228954
223,surskoye,54.4821,46.7214,9.83,95,100,2.53,RU,1687228954
224,iskateley,67.6803,53.1512,6.54,63,18,5.72,RU,1687228954
225,maragogi,-9.0122,-35.2225,23.92,87,85,2.42,BR,1687228954
226,sao tome,0.3365,6.7273,24.65,83,100,4.59,ST,1687228955
227,al khafji,28.4391,48.4913,31.18,36,0,6.34,SA,1687228955
228,aitape,-3.1374,142.3475,29.13,70,75,2.67,PG,1687228955
229,opuwo,-18.0607,13.84,12.8,25,0,1.81,NA,1687228955
230,labrador city,52.9463,-66.9114,8.95,87,0,0.0,CA,1687228955
231,flying fish cove,-10.4217,105.6791,26.82,89,75,3.6,CX,1687228955
232,tabligbo,6.5833,1.5,23.98,95,100,1.77,TG,1687228955
233,migori,-1.0634,34.4731,17.31,91,100,2.04,KE,1687228956
234,wau,7.7029,27.9953,22.09,95,100,2.55,SS,1687228956
235,whitehorse,60.7161,-135.0538,22.23,32,75,3.6,CA,1687228956
236,mount isa,-20.7333,139.5,20.87,23,8,3.09,AU,1687228956
237,saint-denis,48.9167,2.3333,19.52,90,0,3.6,FR,1687228956
238,mweka,-4.85,21.5667,19.29,79,23,0.45,CD,1687228956
239,mitu,1.1983,-70.1733,22.54,89,85,0.53,CO,1687228956
240,enewetak,11.3474,162.3373,27.95,79,64,7.72,MH,1687228957
241,coahuayana de hidalgo,18.7,-103.6583,26.8,76,1,0.98,MX,1687228957
242,al hasakah,36.5024,40.7477,21.69,61,0,3.73,SY,1687228957
243,angaur state,6.906,134.13,28.56,74,26,2.53,PW,1687228957
244,howrah,22.5892,88.3103,32.0,79,40,6.17,IN,1687228957
245,ola,59.5833,151.2833,13.39,74,34,3.5,RU,1687228957
246,miandoab,36.9694,46.1027,17.21,34,0,2.34,IR,1687228958
247,i-n-salah,27.1935,2.4607,34.69,9,1,3.23,DZ,1687228958
248,svetlyy,54.675,20.1347,13.87,89,3,2.66,RU,1687228958
249,carbonear,47.7332,-53.2148,7.46,97,100,3.95,CA,1687228958
250,heilbron,-27.2812,27.9709,3.09,57,0,3.47,ZA,1687228958
251,cabedelo,-6.9811,-34.8339,24.37,84,17,4.15,BR,1687228670
252,coronel suarez,-37.4547,-61.9334,10.08,77,100,2.93,AR,1687228959
253,touros,-5.1989,-35.4608,24.46,88,100,5.14,BR,1687228959
254,qom,34.6401,50.8764,27.66,27,0,2.43,IR,1687228959
255,el idrissia,34.4454,2.5275,25.18,17,1,10.42,DZ,1687228959
256,cockburn town,21.4612,-71.1419,28.42,77,76,8.76,TC,1687228959
257,hemsby,52.6971,1.6918,16.66,89,100,3.43,GB,1687228959
258,faya-largeau,17.9257,19.1043,33.99,15,63,9.79,TD,1687228960
259,nogliki,51.8333,143.1667,10.17,81,84,4.03,RU,1687228960
260,aripuana,-9.1667,-60.6333,24.95,62,49,0.15,BR,1687228960
261,pedreira,-22.7419,-46.9014,14.37,84,0,2.43,BR,1687228960
262,saveni,47.95,26.8667,20.1,92,100,1.96,RO,1687228960
263,omoku,5.3435,6.6532,23.22,99,100,0.93,NG,1687228960
264,las heras,-46.5419,-68.9359,-0.86,63,0,4.81,AR,1687228961
265,tutoia,-2.7619,-42.2744,25.52,87,7,2.23,BR,1687228961
266,copiapo,-27.3667,-70.3333,11.83,53,100,0.89,CL,1687228961
267,nova sintra,14.8667,-24.7167,21.09,84,67,2.25,CV,1687228961
268,buston,40.2342,69.6948,27.1,39,100,2.0,TJ,1687228961
269,berezovyy,51.6667,135.7,25.77,43,100,2.13,RU,1687228961
270,new norfolk,-42.7826,147.0587,10.95,55,90,1.34,AU,1687228961
271,suntar,62.1444,117.6319,9.49,79,100,4.64,RU,1687228962
272,yelizovo,53.1873,158.3805,10.08,87,75,4.02,RU,1687228962
273,illizi,26.4833,8.4667,29.89,16,0,7.92,DZ,1687228962
274,kitui,-1.367,38.0106,16.27,88,67,2.25,KE,1687228962
275,dalandzadgad,43.5708,104.425,25.39,15,44,0.78,MN,1687228962
276,uitenhage,-33.7576,25.3971,11.9,63,98,7.84,ZA,1687228963
277,port hedland,-20.3167,118.5667,17.03,100,100,3.09,AU,1687228762
278,igrim,63.1906,64.4162,7.17,77,100,5.7,RU,1687228963
279,malango,-2.9627,119.9001,24.88,80,88,1.48,ID,1687228963
280,waajid,3.8096,43.2463,21.3,88,63,6.8,SO,1687228964
281,arkalyk,50.2486,66.9114,11.11,57,3,6.12,KZ,1687228964
282,parintins,-2.6283,-56.7358,24.5,84,63,0.31,BR,1687228964
283,sidi akkacha,36.4647,1.3026,23.16,86,48,2.72,DZ,1687228964
284,kourou,5.1552,-52.6478,25.03,90,12,1.31,GF,1687228964
285,sao gabriel da cachoeira,-0.1303,-67.0892,22.47,97,92,0.8,BR,1687228965
286,sao jose da coroa grande,-8.8978,-35.1478,24.24,87,89,2.79,BR,1687228965
287,midvagur,62.0511,-7.1939,12.46,94,100,7.72,FO,1687228965
288,vredendal,-31.6683,18.5012,8.9,86,25,0.99,ZA,1687228965
289,crane,31.3974,-102.3501,36.04,13,14,2.68,US,1687228965
290,vilyuchinsk,52.9306,158.4028,10.15,89,100,1.85,RU,1687228966
291,ar ruseris,11.8659,34.3869,24.9,76,77,2.82,SD,1687228966
292,laguna,38.421,-121.4238,23.63,45,0,6.17,US,1687228877
293,pleiku,13.9833,108.0,28.81,56,12,3.65,VN,1687228966
294,saint-philippe,-21.3585,55.7679,20.77,75,68,4.64,RE,1687228966
295,akrehamn,59.2667,5.1833,16.9,94,99,1.54,NO,1687228966
296,fortuna,40.5982,-124.1573,14.43,71,20,4.63,US,1687228967
297,lihue,21.9789,-159.3672,27.58,69,40,5.14,US,1687228747
298,itamaraca,-7.7478,-34.8256,24.03,88,27,2.36,BR,1687228967
299,la passe,45.5549,-0.8967,21.13,95,100,6.05,FR,1687228967
300,hasaki,35.7333,140.8333,25.16,65,94,4.66,JP,1687228967
301,katsuren-haebaru,26.3369,127.8719,30.21,74,75,4.12,JP,1687228967
302,karystos,38.0133,24.4161,24.68,49,0,1.34,GR,1687228968
303,tromso,69.6496,18.957,15.21,82,20,2.57,NO,1687228968
304,stornoway,58.2093,-6.3865,15.05,90,75,7.72,GB,1687228968
305,tura,25.5198,90.2201,26.44,83,74,2.87,IN,1687228968
306,claiborne,32.516,-92.1918,28.84,70,100,3.09,US,1687228968
307,badiyah,22.45,58.8,32.38,32,37,1.41,OM,1687228968
308,puerto aysen,-45.4,-72.7,-2.59,94,22,1.18,CL,1687228969
309,brushy creek,30.5135,-97.7397,34.51,63,0,2.06,US,1687228969
310,east london,-33.0153,27.9116,13.61,48,4,10.85,ZA,1687228969
311,ta`u,-14.2336,-169.5144,26.82,75,1,1.1,AS,1687228969
312,am timan,11.0297,20.2827,23.88,82,100,3.05,TD,1687228969
313,olonkinbyen,70.9221,-8.7187,3.92,100,99,4.31,SJ,1687228969
314,prince rupert,54.3161,-130.3201,14.83,94,100,6.69,CA,1687228719
315,kill devil hills,36.0307,-75.676,23.32,87,0,2.57,US,1687228970
316,el calafate,-50.3408,-72.2768,-0.38,63,81,0.82,AR,1687228970
317,ubari,26.5921,12.7805,25.4,17,0,3.92,LY,1687228970
318,peace river,56.2501,-117.286,18.17,36,75,10.29,CA,1687228970
319,bubaque,11.2833,-15.8333,27.3,80,100,5.44,GW,1687228970
320,turabah,21.2141,41.6331,27.3,23,93,1.45,SA,1687228971
321,dakhla,23.6848,-15.958,20.2,92,0,5.56,EH,1687228971
322,fada,9.5667,8.3,20.5,98,100,1.21,NG,1687228971
323,medea,36.2642,2.7539,25.98,22,2,8.44,DZ,1687228971
324,rongelap,11.1635,166.8941,27.98,79,72,6.69,MH,1687228971
325,broken hill,-31.95,141.4333,10.85,52,100,1.52,AU,1687228972
326,kushalgarh,23.199,74.4507,29.21,65,33,6.8,IN,1687228972
327,mount pleasant,32.7941,-79.8626,23.99,97,75,2.06,US,1687228865
328,uturoa,-16.7333,-151.4333,26.9,78,5,2.9,PF,1687228972
329,san julian,21.0167,-102.1667,25.24,21,22,8.7,MX,1687228972
330,al jawf,29.5,38.75,21.06,41,0,6.14,SA,1687228972
331,aasiaat,68.7098,-52.8699,2.72,85,100,3.52,GL,1687228972
332,meridian,43.6121,-116.3915,14.47,56,0,5.14,US,1687228973
333,aswan,24.0934,32.907,27.23,26,0,5.93,EG,1687228973
334,mount gambier,-37.8333,140.7667,10.14,60,100,1.97,AU,1687228973
335,ust'-ilimsk,58.0006,102.6619,19.24,27,98,1.75,RU,1687228973
336,wurtulla,-26.7568,153.1256,20.03,39,3,1.79,AU,1687228973
337,mata-utu,-13.2816,-176.1745,27.22,76,46,6.17,WF,1687228974
338,dongtai,32.8523,120.3095,27.79,69,100,4.85,CN,1687228974
339,medicine hat,50.0501,-110.6683,19.24,31,40,8.75,CA,1687228824
340,larkird,35.4894,66.6641,26.05,21,0,0.39,AF,1687228974
341,kuala terengganu,5.3302,103.1408,32.21,79,20,2.57,MY,1687228974
342,souillac,-20.5167,57.5167,22.21,83,40,2.57,MU,1687228974
343,nemuro,43.3236,145.575,12.69,80,68,2.94,JP,1687228974
344,san ramon,37.7799,-121.978,18.54,58,0,8.23,US,1687228975
345,burang,30.25,81.1667,7.83,94,100,1.65,CN,1687228975
346,kerikeri,-35.2268,173.9474,16.62,86,58,2.53,NZ,1687228975
347,tangalle,6.024,80.7911,28.09,74,89,6.01,LK,1687228975
348,rayachoti,14.05,78.75,25.18,77,100,6.38,IN,1687228975
349,haimen,23.1935,116.6142,27.94,75,87,7.14,CN,1687228975
350,sacramento,38.4666,-121.3177,23.92,45,0,6.17,US,1687228441
351,waingapu,-9.6567,120.2641,27.54,67,5,3.6,ID,1687228976
352,camana,-16.6228,-72.7111,18.2,82,30,4.22,PE,1687228976
353,watsa,3.0372,29.5355,17.91,99,100,0.81,CD,1687228976
354,beykonak,36.3257,30.303,23.62,61,0,2.51,TR,1687228976
355,dalnerechensk,45.9339,133.7225,25.35,54,100,2.64,RU,1687228976
356,phan thiet,10.9333,108.1,32.61,58,27,4.94,VN,1687228977
357,bovalino,38.149,16.174,22.86,44,5,3.0,IT,1687228977
358,puerto asis,0.5133,-76.5007,20.93,90,0,1.12,CO,1687228977
359,talcahuano,-36.7167,-73.1167,11.82,76,100,4.12,CL,1687228977
360,saint-pierre,-21.3393,55.4781,20.82,56,100,3.6,RE,1687228977
361,taksimo,56.3444,114.8794,14.26,47,94,3.61,RU,1687228977
362,cannonvale,-20.2833,148.7,22.66,68,19,5.47,AU,1687228977
363,balkashino,52.5167,68.7667,7.11,81,100,9.17,KZ,1687228978
364,mirny,62.5353,113.9611,15.13,38,100,5.81,RU,1687228913
365,cerro largo,-28.1486,-54.7381,12.32,86,100,1.62,BR,1687228978
366,tolanaro,-25.0319,46.9987,21.04,60,20,6.17,MG,1687228978
367,novoishimskiy,53.1981,66.7694,9.72,68,47,10.03,KZ,1687228978
368,weno,7.4515,151.8468,30.97,74,75,2.57,FM,1687228978
369,taungdwingyi,20.0167,95.55,30.6,58,98,4.87,MM,1687228978
370,alice springs,-23.7,133.8833,21.23,27,75,1.54,AU,1687228979
371,namibe,-15.1961,12.1522,16.72,80,86,2.78,AO,1687228979
372,marion,39.7684,-86.1555,25.19,65,75,6.17,US,1687228979
373,st. john's,47.5649,-52.7093,7.21,97,100,4.63,CA,1687228681
374,antonio enes,-16.2325,39.9086,21.11,86,0,1.3,MZ,1687228979
375,taltal,-25.4,-70.4833,16.95,65,2,1.04,CL,1687228820
376,trail,49.0998,-117.7022,10.54,97,100,0.46,CA,1687228816
377,kimbe,-5.5502,150.1429,27.33,79,100,2.76,PG,1687228980
378,rovaniemi,66.5,25.7167,15.67,82,20,1.03,FI,1687228980
379,kargasok,59.0556,80.8572,16.4,60,96,10.48,RU,1687228980
380,kirensk,57.7853,108.1119,18.5,29,3,1.26,RU,1687228980
381,barinitas,8.7622,-70.4111,23.71,96,88,0.95,VE,1687228980
382,geraldton,-28.7667,114.6,16.23,88,75,7.2,AU,1687228980
383,porto novo,6.4965,2.6036,23.9,93,100,2.17,BJ,1687228981
384,al ghayzah,16.2079,52.176,27.98,84,99,0.8,YE,1687228981
385,tomohon,1.3346,124.8392,22.52,77,92,1.23,ID,1687228981
386,carnarvon,-24.8667,113.6333,19.86,62,0,5.08,AU,1687228981
387,songkhla,6.8333,100.6667,32.13,59,91,1.95,TH,1687228981
388,bojonegoro,-7.1502,111.8817,30.49,58,32,1.24,ID,1687228982
389,xifeng,42.7372,124.7222,19.44,79,100,5.8,CN,1687228982
390,amol,36.4696,52.3507,23.52,71,0,0.73,IR,1687228982
391,thinadhoo,0.5333,72.9333,28.62,73,96,3.86,MV,1687228982
392,peterhead,57.5058,-1.7981,14.14,92,24,5.45,GB,1687228982
393,alo,7.4178,6.7371,23.21,99,99,1.55,NG,1687228982
394,san pedro del parana,-26.8333,-56.2,13.05,91,100,2.0,PY,1687228983
395,el salto,20.3333,-104.5,19.29,69,6,1.89,MX,1687228698
396,wicklow,53.0,-6.4167,12.2,93,100,1.26,IE,1687228983
397,saldanha,-33.0117,17.9442,10.03,67,64,3.49,ZA,1687228983
398,auki,-8.7676,160.7034,27.65,80,99,0.57,SB,1687228983
399,soe,-9.8607,124.284,25.83,55,61,3.03,ID,1687228983
400,shalqar,47.8333,59.6,14.67,37,0,5.84,KZ,1687228983
401,boyolangu,-8.1181,111.8935,28.83,65,20,1.9,ID,1687228984
402,vila franca do campo,37.7167,-25.4333,18.23,84,76,0.74,PT,1687228984
403,tadine,-21.55,167.8833,22.9,61,72,5.62,NC,1687228984
404,lorengau,-2.0226,147.2712,29.53,71,48,5.38,PG,1687228984
405,kostyantynivka,48.5277,37.7069,15.45,65,7,1.44,UA,1687228985
406,stephenville,32.2207,-98.2023,33.07,49,0,2.57,US,1687228985
407,afif,23.9065,42.9172,28.42,15,60,2.72,SA,1687228985
408,sosnogorsk,63.6023,53.8817,5.99,68,95,4.12,RU,1687228985
409,trenggalek,-8.05,111.7167,29.62,65,16,1.41,ID,1687228985
410,pangai,-19.8,-174.35,26.06,65,20,3.6,TO,1687228985
411,vanimo,-2.6741,141.3028,28.2,80,92,1.64,PG,1687228986
412,colonia,50.9333,6.95,19.42,77,20,1.03,DE,1687228793
413,erbil,36.1926,44.0106,25.34,27,0,0.66,IQ,1687228912
414,bodo,67.28,14.405,18.76,65,0,5.14,NO,1687228986
415,betioky,-23.7167,44.3833,14.94,88,0,1.09,MG,1687228986
416,standerton,-26.9337,29.2415,4.22,49,0,3.73,ZA,1687228987
417,santa ana,33.7456,-117.8678,22.29,77,75,4.63,US,1687228448
418,nagqu,31.5,92.0,11.42,45,61,3.9,CN,1687228988
419,san andres,12.5847,-81.7006,29.01,84,20,5.66,CO,1687228988
420,uirauna,-6.5183,-38.4122,22.63,79,63,1.75,BR,1687228988
421,paracatu,-17.2222,-46.8747,17.08,57,0,1.13,BR,1687228988
422,yoloten,37.2989,62.3597,31.19,28,0,5.79,TM,1687228988
423,mili,6.0815,171.735,27.76,76,86,2.89,MH,1687228989
424,agadez,19.75,10.25,30.75,18,2,4.76,NE,1687228989
425,pandan,14.0453,124.1694,29.46,74,97,2.15,PH,1687228989
426,vrangel',42.7297,133.0839,18.29,73,84,2.65,RU,1687228989
427,bunia,1.5667,30.25,17.83,99,100,1.67,CD,1687228989
428,strathdale,-36.7632,144.3169,9.19,69,11,2.26,AU,1687228989
429,san antonio de pale,-1.4014,5.6325,24.59,76,99,7.44,GQ,1687228990
430,luganville,-15.5333,167.1667,25.9,69,83,3.84,VU,1687228990
431,san juan nepomuceno,9.9516,-75.082,24.83,91,85,1.52,CO,1687228990
432,mitchell,43.7094,-98.0298,31.99,35,0,7.2,US,1687228990
433,sao vicente,-23.9631,-46.3919,19.99,26,61,2.48,BR,1687228990
434,mossel bay,-34.1831,22.146,10.96,73,50,9.62,ZA,1687228991
435,castillos,-34.1667,-53.8333,10.83,87,100,0.51,UY,1687228991
436,hassi messaoud,31.6804,6.0729,28.92,11,0,4.63,DZ,1687228991
437,kadoma,34.7333,135.5833,28.99,51,75,5.14,JP,1687228991
438,la ermita,20.4139,-101.9936,26.17,26,41,3.61,MX,1687228991
439,selfoss,63.9331,-20.9971,10.58,89,42,2.66,IS,1687228991
440,san angelo,31.4638,-100.437,30.59,51,0,2.06,US,1687228991
441,raver,21.25,76.0333,31.4,51,84,6.53,IN,1687228795
442,nuuk,64.1835,-51.7216,5.34,81,75,1.03,GL,1687228992
443,gornozavodsk,58.3758,58.3211,6.3,68,30,3.91,RU,1687228992
444,agboville,5.928,-4.2132,23.1,99,87,1.73,CI,1687228992
445,gisborne,-38.6533,178.0042,14.57,79,63,1.85,NZ,1687228992
446,yacuiba,-22.038,-63.6797,12.98,71,0,2.31,BO,1687228992
447,egilsstadir,65.2653,-14.3948,7.95,87,100,4.63,IS,1687228993
448,beledweyne,4.7358,45.2036,23.52,80,100,5.88,SO,1687228993
449,manggar,-2.8833,108.2667,29.03,69,100,3.36,ID,1687228993
450,weligama,5.9667,80.4167,27.47,83,96,4.91,LK,1687228993
451,newport,51.5877,-2.9984,16.41,89,100,2.42,GB,1687228856
452,fatsa,41.0278,37.5014,19.89,84,100,3.27,TR,1687228993
453,yinchuan,38.4681,106.2731,28.16,12,1,3.91,CN,1687228754
454,el granada,37.5027,-122.4694,17.86,69,0,9.77,US,1687228994
455,vertientes,21.2594,-78.1464,27.34,93,0,3.64,CU,1687228994
456,tabou,4.423,-7.3528,24.85,88,100,4.76,CI,1687228994
457,tsiombe,-25.3,45.4833,16.33,81,0,2.7,MG,1687228994
458,lhokseumawe,5.1801,97.1507,29.6,60,54,2.3,ID,1687228994
459,shetpe,44.1667,52.1167,18.72,31,50,3.77,KZ,1687228994
460,bardai,11.65,7.2333,23.97,78,100,3.57,NG,1687228994
461,baracoa,20.3467,-74.4958,26.66,84,100,1.0,CU,1687228995
462,nallihan,40.1859,31.3518,16.67,86,82,2.36,TR,1687228995
463,plastun,44.7561,136.2939,22.71,54,100,2.49,RU,1687228995
464,cadale,2.7603,46.3222,25.81,80,100,8.16,SO,1687228995
465,santa barbara d'oeste,-22.7536,-47.4136,14.64,86,0,2.39,BR,1687228995
466,tarrafal de sao nicolau,16.5667,-24.3667,23.46,81,60,3.94,CV,1687228995
467,bac lieu,9.285,105.7244,30.56,65,98,4.84,VN,1687228996
468,yuzhno-kurilsk,44.0306,145.8556,12.14,79,99,3.04,RU,1687228996
469,callao,-12.0667,-77.15,20.4,83,100,4.12,PE,1687228996
470,la ronge,55.1001,-105.2842,18.12,48,20,1.54,CA,1687228996
471,puerto la cruz,10.2167,-64.6167,24.82,88,9,2.29,VE,1687228996
472,tortoli,39.9256,9.6572,20.9,73,0,5.14,IT,1687228996
473,cedartown,34.0537,-85.255,23.8,88,49,0.99,US,1687228997
474,cozumel,20.5083,-86.9458,29.41,82,20,3.13,MX,1687228996
475,hotan,37.0997,79.9269,31.23,14,0,2.55,CN,1687228997
476,keminmaa,65.8596,24.8228,14.87,88,0,2.06,FI,1687228997
477,hithadhoo,-0.6,73.0833,28.71,73,98,5.41,MV,1687228997
478,ferkessedougou,9.6,-5.2,23.78,91,100,2.25,CI,1687228997
479,kyaikkami,16.08,97.5675,26.9,82,100,3.34,MM,1687228998
480,darwin,-12.4611,130.8418,31.05,47,0,5.66,AU,1687228998
481,antsiranana,-12.2787,49.2917,22.53,69,5,6.94,MG,1687228998
482,arevalo,41.0626,-4.7204,17.39,80,100,1.31,ES,1687228998
483,kapa'a,22.0752,-159.319,27.99,75,40,5.14,US,1687228998
484,boise,43.6135,-116.2035,14.3,54,0,5.14,US,1687228831
485,larache,35.1932,-6.1557,19.9,90,80,1.97,MA,1687228999
486,umba,66.6871,34.3429,6.83,63,53,2.94,RU,1687228999
487,port lincoln,-34.7333,135.8667,14.35,61,32,6.11,AU,1687228999
488,tshabong,-26.05,22.45,5.27,77,0,4.39,BW,1687228999
489,murun-kuren,49.6342,100.1625,22.75,36,100,1.71,MN,1687228999
490,phongsali,21.6833,102.1058,18.02,99,100,0.07,LA,1687229000
491,rabo de peixe,37.8,-25.5833,17.73,88,40,0.0,PT,1687228936
492,sandy,40.572,-111.8606,20.31,64,100,8.23,US,1687228861
493,polyarnyy,69.1989,33.4478,6.49,72,2,1.52,RU,1687229000
494,san luis de la loma,17.2706,-100.8939,29.12,78,13,2.03,MX,1687229000
495,holualoa,19.6228,-155.9522,26.91,80,40,4.12,US,1687229000
496,remire-montjoly,4.9167,-52.2667,25.02,94,75,1.54,GF,1687229000
497,fiche,9.8,38.7333,11.54,66,48,1.34,ET,1687229000
498,port saint john's,-31.6229,29.5448,16.65,37,6,9.4,ZA,1687229001
499,amursk,50.2261,136.8994,23.83,56,91,1.55,RU,1687229001
500,horta,38.5333,-28.6333,18.34,91,94,1.79,PT,1687229001
501,punta cana,18.5818,-68.4043,25.87,83,40,3.6,DO,1687228893
502,robertsport,6.7533,-11.3686,25.71,82,65,2.18,LR,1687229001
503,kiruna,67.8557,20.2251,13.51,88,75,1.54,SE,1687229001
504,roma,43.2128,-75.4557,20.08,73,0,3.09,US,1687228478
505,smithers,54.7804,-127.1743,22.18,24,20,3.6,CA,1687228810
506,miches,18.9836,-69.0476,25.81,82,100,2.15,DO,1687229002
507,riversdale,18.1659,-76.9642,28.92,88,100,0.62,JM,1687229002
508,amos,48.5669,-78.1162,15.2,75,14,2.28,CA,1687228970
509,patrocinio,-18.9439,-46.9925,13.78,66,0,1.87,BR,1687228963
510,sandnessjoen,66.0217,12.6316,15.29,61,95,6.63,NO,1687229002
511,pinotepa nacional,16.3167,-98.0167,27.23,82,58,0.51,MX,1687229002
512,kenai,60.5544,-151.2583,18.05,76,100,6.69,US,1687229002
513,norilsk,69.3535,88.2027,2.64,99,100,2.21,RU,1687229003
514,mawu,29.5923,107.3139,28.86,62,100,0.23,CN,1687229003
515,myanaung,18.2833,95.3167,30.21,65,94,4.47,MM,1687229003
516,wajir,1.7471,40.0573,23.06,80,57,5.92,KE,1687229003
517,luderitz,-26.6481,15.1594,11.87,83,20,7.02,NA,1687229003
518,mao,39.8885,4.2658,24.31,88,0,4.12,ES,1687229003
519,san carlos del zulia,9.0,-71.9135,26.82,71,29,0.8,VE,1687229004
520,soverato marina,38.685,16.5499,22.31,49,64,3.24,IT,1687229004
521,bandiagara,14.3501,-3.6104,33.11,33,15,2.61,ML,1687229004
522,nouadhibou,20.931,-17.0347,21.99,78,0,7.2,MR,1687229004
523,kavieng,-2.5744,150.7967,29.0,74,95,4.47,PG,1687229004
524,cuenca,-2.8833,-78.9833,15.07,63,75,3.6,EC,1687228963
525,khandyga,62.6667,135.6,19.95,56,100,5.33,RU,1687229004
526,loa janan,-0.583,117.095,24.72,94,100,2.45,ID,1687229005
527,sheregesh,52.9209,87.9869,24.41,45,61,2.49,RU,1687229005
528,bijapur,16.8333,75.7,27.81,56,89,5.51,IN,1687228817
529,abbeville,50.1,1.8333,17.98,98,95,3.75,FR,1687229005
530,pietra ligure,44.1492,8.2821,23.15,75,65,1.34,IT,1687229005
531,murzuq,25.9155,13.9184,24.78,18,0,4.5,LY,1687229006
532,hailin,44.5833,129.4167,21.36,73,100,2.98,CN,1687229006
533,quellon,-43.1167,-73.6167,-0.86,100,0,1.03,CL,1687229006
534,richmond,37.5538,-77.4603,25.02,76,0,0.0,US,1687228425
535,rosetta,31.4044,30.4164,22.16,82,0,5.52,EG,1687229006
536,chonchi,-42.6128,-73.8092,2.56,87,1,0.7,CL,1687229007
537,kailua-kona,19.6406,-155.9956,28.98,79,40,4.12,US,1687229007
538,lyubashivka,47.8372,30.2598,16.72,80,94,2.13,UA,1687229007
539,tamanrasset,22.785,5.5228,23.95,23,40,2.06,DZ,1687229007
540,severo-yeniseyskiy,60.3725,93.0408,15.42,37,79,2.58,RU,1687229007
541,chibougamau,49.9168,-74.3659,14.79,88,0,2.06,CA,1687228782
542,nadym,65.5333,72.5167,7.1,68,100,5.28,RU,1687229007
543,papao,-17.75,-149.55,27.82,79,1,3.62,PF,1687229008
544,andergrove,-21.0833,149.1833,26.47,74,2,5.15,AU,1687229008
545,bengkulu,-3.8004,102.2655,27.18,77,100,0.08,ID,1687229008
546,ezhva,61.8128,50.7283,5.88,81,0,3.0,RU,1687229008
547,yonggang-up,38.8561,125.4244,19.51,91,100,2.16,KP,1687229008
548,bikenibeu village,1.3673,173.1241,29.98,74,75,2.06,KI,1687229008
549,amahai,-3.3333,128.9167,27.77,67,59,3.54,ID,1687229009
